{
  "id": "naskah-kuno-demo",
  "title": "Perpustakaan Naskah Kuno",
  "subtitle": "Antologi Teks dan Ingatan Peradaban",
  "author": "Anonim",
  "publisher": "Arsip Digital Nusantara",
  "language": "id",
  "readingDirection": "ltr",
  "created": "2025-01-01",
  "updated": "2025-01-01",

  "settings": {
    "defaultTheme": "paper",
    "defaultFontSize": 17,
    "enableTTS": true,
    "enableBookmark": true
  },

  "chapters": [
    {
      "id": "pendahuluan",
      "title": "Pendahuluan",
      "order": 0,
      "estimatedMinutes": 4,
      "content": [
        "Lorem ipsum dolor sit amet, consectetur adipiscing elit. Sed non risus. Suspendisse lectus tortor, dignissim sit amet, adipiscing nec, ultricies sed, dolor.",
        "Cras elementum ultrices diam. Maecenas ligula massa, varius a, semper congue, euismod non, mi.",
        "Proin porttitor, orci nec nonummy molestie, enim est eleifend mi, non fermentum diam nisl sit amet erat."
      ]
    },
    {
      "id": "bab-1",
      "title": "Bab I — Awal Tradisi Tertulis",
      "order": 1,
      "estimatedMinutes": 6,
      "content": [
        "Lorem ipsum dolor sit amet, consectetur adipiscing elit. Integer nec odio. Praesent libero. Sed cursus ante dapibus diam.",
        "Sed nisi. Nulla quis sem at nibh elementum imperdiet. Duis sagittis ipsum.",
        "Praesent mauris. Fusce nec tellus sed augue semper porta. Mauris massa."
      ]
    },
    {
      "id": "bab-2",
      "title": "Bab II — Pengetahuan dan Kekuasaan",
      "order": 2,
      "estimatedMinutes": 7,
      "content": [
        "Lorem ipsum dolor sit amet, consectetur adipiscing elit. Vestibulum lacinia arcu eget nulla.",
        "Class aptent taciti sociosqu ad litora torquent per conubia nostra, per inceptos himenaeos.",
        "Curabitur sodales ligula in libero. Sed dignissim lacinia nunc."
      ]
    },
    {
      "id": "penutup",
      "title": "Penutup",
      "order": 3,
      "estimatedMinutes": 3,
      "content": [
        "Lorem ipsum dolor sit amet, consectetur adipiscing elit. Pellentesque nibh.",
        "Aenean quam. In scelerisque sem at dolor. Maecenas mattis.",
        "Sed convallis tristique sem. Proin ut ligula vel nunc egestas porttitor."
      ]
    }
  ]
}
